{"cameraMode":{"drawMode":0,"name":"Shaded","section":"Shading Mode"},"sceneLighting":true,"audioPlay":false,"sceneViewState":{"m_AlwaysRefresh":false,"showFog":true,"showSkybox":true,"showFlares":true,"showImageEffects":true,"showParticleSystems":true,"showVisualEffectGraphs":true,"m_FxEnabled":true},"in2DMode":false,"pivot":{"x":0.8570305109024048,"y":-9.473832130432129,"z":18.473979949951173},"rotation":{"x":-0.2624005675315857,"y":-0.07834818959236145,"z":0.021381141617894174,"w":-0.9615384340286255},"size":16.22852897644043,"orthographic":false}