{"cameraMode":{"drawMode":0,"name":"Shaded","section":"Shading Mode"},"sceneLighting":true,"audioPlay":false,"sceneViewState":{"m_AlwaysRefresh":false,"showFog":true,"showSkybox":true,"showFlares":true,"showImageEffects":true,"showParticleSystems":true,"showVisualEffectGraphs":true,"m_FxEnabled":true},"in2DMode":false,"pivot":{"x":-4.486514568328857,"y":-7.861161708831787,"z":32.52117919921875},"rotation":{"x":-0.1304338425397873,"y":0.0074333688244223598,"z":-0.0009778671665117145,"w":-0.9914324283599854},"size":16.22852897644043,"orthographic":false}